strategy,pair,total_return,sharpe_ratio,max_drawdown,win_rate,trades,fast_window,slow_window,strategy_name,rsi_window,bb_window,short_window,long_window
SMA Crossover,AAVEBTC,-99.92793969900876,-93.55559670199851,99.92793969900876,4.513888888888888,576,15.0,40.0,SMACrossover,,,,
RSI with BB,AAVEBTC,-37.79701398124734,-6.486995068640071,52.228203433638264,41.342756183745585,284,,,RSIWithBB,14.0,20.0,,
MA Crossover,AAVEBTC,-97.47116869513637,-57.83292286183808,97.47671681120671,6.859205776173286,278,,,MACrossover,,,25.0,100.0
SMA Crossover,ADABTC,-99.94279778894946,-93.49254998211156,99.94288742942723,4.793388429752066,605,15.0,40.0,SMACrossover,,,,
RSI with BB,ADABTC,-38.09472861707529,-6.19235970916947,51.96251872317461,40.07782101167315,258,,,RSIWithBB,14.0,20.0,,
MA Crossover,ADABTC,-96.4307985567901,-50.70656621172841,96.43555749204768,6.7669172932330826,267,,,MACrossover,,,25.0,100.0
SMA Crossover,ADXBTC,-89.64587057927496,-38.479984993755586,89.64587057927493,12.849162011173185,180,15.0,40.0,SMACrossover,,,,
RSI with BB,ADXBTC,-2.483473788695335,-0.19731741256580757,24.73705925166364,46.22641509433962,107,,,RSIWithBB,14.0,20.0,,
MA Crossover,ADXBTC,-85.62507989087857,-36.70158880008751,85.6250798908786,11.971830985915492,143,,,MACrossover,,,25.0,100.0
SMA Crossover,AGLDBTC,-99.58981900560279,-58.24801244925324,99.59056356995823,11.11111111111111,459,15.0,40.0,SMACrossover,,,,
RSI with BB,AGLDBTC,-65.70149174371596,-11.694645244434303,71.21195103445362,39.1644908616188,384,,,RSIWithBB,14.0,20.0,,
MA Crossover,AGLDBTC,-96.00959853799576,-36.58538604246103,96.05115969633812,14.173228346456693,254,,,MACrossover,,,25.0,100.0
SMA Crossover,ALGOBTC,-99.94135361616782,-89.79741881086676,99.94147469507702,4.827586206896552,580,15.0,40.0,SMACrossover,,,,
RSI with BB,ALGOBTC,-30.525562736552132,-3.922488514191026,46.58920846873156,41.83673469387755,295,,,RSIWithBB,14.0,20.0,,
MA Crossover,ALGOBTC,-97.4375150996449,-51.43531430914262,97.43751509964493,6.227106227106227,273,,,MACrossover,,,25.0,100.0
SMA Crossover,API3BTC,-99.95584169037895,-87.80978805222877,99.95584169037895,4.923599320882852,589,15.0,40.0,SMACrossover,,,,
RSI with BB,API3BTC,-42.795011034101606,-6.529168397008212,54.70043203490024,41.66666666666667,313,,,RSIWithBB,14.0,20.0,,
MA Crossover,API3BTC,-96.99344249692417,-45.33150150084497,96.99344249692415,7.894736842105263,266,,,MACrossover,,,25.0,100.0
SMA Crossover,APTBTC,-99.94517246770009,-90.2230732149628,99.94517246770009,5.383360522022838,613,15.0,40.0,SMACrossover,,,,
RSI with BB,APTBTC,-49.01734882135677,-8.301979928728658,59.952075200065856,39.67213114754099,306,,,RSIWithBB,14.0,20.0,,
MA Crossover,APTBTC,-95.47377987612184,-44.24882652381503,95.47969650373483,9.811320754716983,266,,,MACrossover,,,25.0,100.0
SMA Crossover,ARBBTC,-99.91397255660719,-93.39703564232529,99.91397255660716,4.288164665523156,583,15.0,40.0,SMACrossover,,,,
RSI with BB,ARBBTC,-40.19887803834075,-7.2815411528858975,50.577256219668286,39.25619834710744,243,,,RSIWithBB,14.0,20.0,,
MA Crossover,ARBBTC,-94.62499633056126,-48.3819265601479,94.6464963452391,9.090909090909092,243,,,MACrossover,,,25.0,100.0
SMA Crossover,ARKMBTC,-99.95314940247985,-81.57607186886332,99.95314940247985,7.179487179487179,585,15.0,40.0,SMACrossover,,,,
RSI with BB,ARKMBTC,-58.1056121011123,-8.25545811801039,62.91184816078618,42.0353982300885,453,,,RSIWithBB,14.0,20.0,,
MA Crossover,ARKMBTC,-95.35321453465583,-36.4889727323138,95.3532145346558,13.360323886639677,248,,,MACrossover,,,25.0,100.0
SMA Crossover,ATOMBTC,-99.96223949254735,-104.96932952154155,99.96223949254735,4.207119741100324,618,15.0,40.0,SMACrossover,,,,
RSI with BB,ATOMBTC,-38.2236552875177,-7.280139697778704,48.92119222264586,38.46153846153847,209,,,RSIWithBB,14.0,20.0,,
MA Crossover,ATOMBTC,-97.10074481134656,-58.672581249117144,97.10227416845855,7.2202166064981945,277,,,MACrossover,,,25.0,100.0
SMA Crossover,AUCTIONBTC,-99.20195787008129,-43.433418803114535,99.20195787008126,11.61137440758294,422,15.0,40.0,SMACrossover,,,,
RSI with BB,AUCTIONBTC,-82.74678257640099,-16.459511593589088,87.01900542266377,36.574074074074076,433,,,RSIWithBB,14.0,20.0,,
MA Crossover,AUCTIONBTC,-93.5230708886551,-27.583606719308452,93.5230708886551,15.254237288135593,236,,,MACrossover,,,25.0,100.0
SMA Crossover,AVAXBTC,-99.92957085193025,-103.37857717933038,99.93044690239623,3.728813559322034,591,15.0,40.0,SMACrossover,,,,
RSI with BB,AVAXBTC,-28.676016016755256,-5.67546040175265,40.20244260599288,41.452991452991455,235,,,RSIWithBB,14.0,20.0,,
MA Crossover,AVAXBTC,-95.94804725074287,-58.69365283380243,95.99844847227531,8.560311284046692,258,,,MACrossover,,,25.0,100.0
SMA Crossover,AXLBTC,-97.60372833038299,-46.41475918070923,97.60372833038302,11.688311688311687,309,15.0,40.0,SMACrossover,,,,
RSI with BB,AXLBTC,-20.08755788649823,-2.6088943238463873,39.30107084402895,44.8559670781893,244,,,RSIWithBB,14.0,20.0,,
MA Crossover,AXLBTC,-90.42195962137428,-32.093955860387915,90.42195962137428,14.285714285714285,197,,,MACrossover,,,25.0,100.0
SMA Crossover,AXSBTC,-99.91815787688732,-101.45465407915124,99.91815787688735,4.035087719298246,570,15.0,40.0,SMACrossover,,,,
RSI with BB,AXSBTC,-27.69029425317566,-5.158940291339985,40.85047916570036,40.55555555555556,181,,,RSIWithBB,14.0,20.0,,
MA Crossover,AXSBTC,-96.64317247500797,-61.16015443884667,96.64317247500797,7.142857142857142,266,,,MACrossover,,,25.0,100.0
SMA Crossover,BANANABTC,-99.06505574951704,-53.50767990068867,99.06505574951704,10.46831955922865,363,15.0,40.0,SMACrossover,,,,
RSI with BB,BANANABTC,-16.132461493034427,-1.6067973745160582,33.791999812407056,46.2046204620462,304,,,RSIWithBB,14.0,20.0,,
MA Crossover,BANANABTC,-94.63366014936429,-37.112005670966205,94.63366014936429,10.648148148148149,216,,,MACrossover,,,25.0,100.0
SMA Crossover,BATBTC,-98.21799520868025,-63.133575212530765,98.21799520868022,4.529616724738676,288,15.0,40.0,SMACrossover,,,,
RSI with BB,BATBTC,-33.52292969053002,-6.910637198071275,41.88419752878708,35.61643835616438,147,,,RSIWithBB,14.0,20.0,,
MA Crossover,BATBTC,-94.59090210139551,-53.02690915295783,94.60766553214775,5.853658536585367,206,,,MACrossover,,,25.0,100.0
SMA Crossover,BBBTC,-99.64947832455405,-63.32015548558293,99.649478324554,8.071748878923767,446,15.0,40.0,SMACrossover,,,,
RSI with BB,BBBTC,-55.5777101390581,-9.202052938823874,65.63860822219146,37.77777777777778,361,,,RSIWithBB,14.0,20.0,,
MA Crossover,BBBTC,-95.9419599509757,-39.1728780357969,95.94195995097562,10.588235294117647,255,,,MACrossover,,,25.0,100.0
SMA Crossover,BCHBTC,-99.9218929450714,-109.03086698921278,99.92189487892799,2.2033898305084745,590,15.0,40.0,SMACrossover,,,,
RSI with BB,BCHBTC,-24.554122269885966,-5.6357778206335425,36.535583302168526,37.878787878787875,133,,,RSIWithBB,14.0,20.0,,
MA Crossover,BCHBTC,-96.13204534796742,-66.10014492033675,96.16074165076418,5.2434456928838955,267,,,MACrossover,,,25.0,100.0
SMA Crossover,BERABTC,-99.70165972971229,-50.159970713307,99.71039482716508,11.910112359550562,446,15.0,40.0,SMACrossover,,,,
RSI with BB,BERABTC,-89.13513203536147,-15.320739474097802,89.15259759149464,40.357598978288635,783,,,RSIWithBB,14.0,20.0,,
MA Crossover,BERABTC,-95.03612597896903,-27.287516163813503,95.78777822792478,15.068493150684931,220,,,MACrossover,,,25.0,100.0
SMA Crossover,BICOBTC,-98.74356606342273,-61.676704010140206,98.74356606342273,6.521739130434782,322,15.0,40.0,SMACrossover,,,,
RSI with BB,BICOBTC,-7.844468843701648,-0.7261799697076935,32.12850177347141,43.269230769230774,209,,,RSIWithBB,14.0,20.0,,
MA Crossover,BICOBTC,-94.25079467372113,-45.55533504706741,94.2507946737211,10.50228310502283,219,,,MACrossover,,,25.0,100.0
SMA Crossover,BNBBTC,-99.84680806317571,-102.71122111041417,99.84680806317569,3.068592057761733,554,15.0,40.0,SMACrossover,,,,
RSI with BB,BNBBTC,-29.892637352375946,-8.489407641228125,38.10991040955389,36.507936507936506,127,,,RSIWithBB,14.0,20.0,,
MA Crossover,BNBBTC,-95.38757766678722,-62.50836108027047,95.4001491808212,7.2796934865900385,262,,,MACrossover,,,25.0,100.0
SMA Crossover,CAKEBTC,-99.74060011267231,-49.233327719151,99.74060011267237,11.891891891891893,555,15.0,40.0,SMACrossover,,,,
RSI with BB,CAKEBTC,-63.432259682758875,-8.26618953413893,74.30593890493734,43.32784184514003,608,,,RSIWithBB,14.0,20.0,,
MA Crossover,CAKEBTC,-96.69483432252025,-30.603391325999215,96.69483432252028,12.167300380228136,263,,,MACrossover,,,25.0,100.0
SMA Crossover,CFXBTC,-99.03166126504138,-57.69755058425353,99.06215025214523,7.717041800643088,312,15.0,40.0,SMACrossover,,,,
RSI with BB,CFXBTC,-39.99429707271595,-5.745967846916511,54.04823980403993,45.0261780104712,192,,,RSIWithBB,14.0,20.0,,
MA Crossover,CFXBTC,-96.64629582306377,-46.489125021845,96.6514370088108,7.87037037037037,216,,,MACrossover,,,25.0,100.0
SMA Crossover,COTIBTC,-99.22887428832642,-46.99560754348068,99.24376722527526,8.421052631578947,285,15.0,40.0,SMACrossover,,,,
RSI with BB,COTIBTC,-59.22739565624641,-8.862864175978649,67.03143804025868,32.7217125382263,328,,,RSIWithBB,14.0,20.0,,
MA Crossover,COTIBTC,-96.64838326423441,-35.52128061638789,96.75600033731892,9.852216748768473,203,,,MACrossover,,,25.0,100.0
SMA Crossover,CRVBTC,-99.92598303717442,-85.15778050697884,99.92621991177384,6.597222222222222,576,15.0,40.0,SMACrossover,,,,
RSI with BB,CRVBTC,-40.01871720437768,-5.748100023514985,57.03749970017851,42.3728813559322,355,,,RSIWithBB,14.0,20.0,,
MA Crossover,CRVBTC,-96.71098299099603,-47.164840948914744,96.71098299099603,10.18867924528302,266,,,MACrossover,,,25.0,100.0
SMA Crossover,CTKBTC,-99.25167772128714,-55.01978415017989,99.25167772128717,7.936507936507936,378,15.0,40.0,SMACrossover,,,,
RSI with BB,CTKBTC,-55.653934011396885,-9.440761595939097,64.0414817654784,38.46153846153847,248,,,RSIWithBB,14.0,20.0,,
MA Crossover,CTKBTC,-94.57614795705095,-36.80192584316406,94.57614795705089,9.35960591133005,203,,,MACrossover,,,25.0,100.0
SMA Crossover,DASHBTC,-99.93857345763416,-101.98387332237888,99.9387584789863,3.754266211604096,587,15.0,40.0,SMACrossover,,,,
RSI with BB,DASHBTC,-41.91849803623943,-8.453913780992652,53.05028649538826,38.095238095238095,232,,,RSIWithBB,14.0,20.0,,
MA Crossover,DASHBTC,-96.07677594929449,-55.80541643500849,96.07677594929449,7.2796934865900385,262,,,MACrossover,,,25.0,100.0
SMA Crossover,DOGEBTC,-99.99286872754688,-97.2553945935004,99.99286872754688,1.7316017316017316,694,15.0,40.0,SMACrossover,,,,
RSI with BB,DOGEBTC,-40.67103046277499,-4.336603395299004,50.094905139216465,38.72340425531915,236,,,RSIWithBB,14.0,20.0,,
MA Crossover,DOGEBTC,-98.99760985116592,-53.32915319488465,98.99760985116595,3.0395136778115504,330,,,MACrossover,,,25.0,100.0
SMA Crossover,DOTBTC,-99.92962778028728,-95.26679570322784,99.92965683660644,3.9182282793867125,587,15.0,40.0,SMACrossover,,,,
RSI with BB,DOTBTC,-28.120129010780285,-4.3857620628419225,46.148331192131806,40.80717488789238,224,,,RSIWithBB,14.0,20.0,,
MA Crossover,DOTBTC,-96.79557167344169,-54.49196556483377,96.80130410336399,6.934306569343065,275,,,MACrossover,,,25.0,100.0
SMA Crossover,DYDXBTC,-99.87988771126493,-88.63152652819504,99.8806819178795,5.451127819548872,533,15.0,40.0,SMACrossover,,,,
RSI with BB,DYDXBTC,-47.66469529328764,-8.795987294540017,55.194300779219596,38.86792452830189,266,,,RSIWithBB,14.0,20.0,,
MA Crossover,DYDXBTC,-96.81172454790799,-55.10605755006676,96.8423745317041,8.812260536398467,262,,,MACrossover,,,25.0,100.0
SMA Crossover,EGLDBTC,-99.94758173060953,-100.04149135862713,99.94758173060953,3.80794701986755,604,15.0,40.0,SMACrossover,,,,
RSI with BB,EGLDBTC,-40.42355195155083,-7.613993748937128,52.21456380421296,38.70967741935484,218,,,RSIWithBB,14.0,20.0,,
MA Crossover,EGLDBTC,-95.85386413874264,-52.123691533727644,95.85386413874267,8.396946564885496,262,,,MACrossover,,,25.0,100.0
SMA Crossover,ENABTC,-99.96453042279829,-75.01922469744159,99.96453042279829,8.7893864013267,603,15.0,40.0,SMACrossover,,,,
RSI with BB,ENABTC,-65.87924728862467,-9.398945331475929,71.44092065710265,41.206896551724135,581,,,RSIWithBB,14.0,20.0,,
MA Crossover,ENABTC,-98.42716048756316,-43.2900743997222,98.4300771832731,12.23021582733813,278,,,MACrossover,,,25.0,100.0
SMA Crossover,ENSBTC,-99.92299081856717,-93.73766888650108,99.92305107614256,5.145797598627787,584,15.0,40.0,SMACrossover,,,,
RSI with BB,ENSBTC,-37.08602192509602,-6.422796007041994,48.30396526805662,40.33613445378151,239,,,RSIWithBB,14.0,20.0,,
MA Crossover,ENSBTC,-97.06408851919892,-56.19975078920347,97.06638578952816,4.797047970479705,272,,,MACrossover,,,25.0,100.0
SMA Crossover,EOSBTC,-99.95962650072694,-107.75513320379956,99.95972816839055,3.453947368421053,608,15.0,40.0,SMACrossover,,,,
RSI with BB,EOSBTC,-34.30648865613148,-6.5858340994752185,42.92373629935337,39.0625,193,,,RSIWithBB,14.0,20.0,,
MA Crossover,EOSBTC,-96.95668357421908,-60.98448169068601,96.9731116377577,7.971014492753622,276,,,MACrossover,,,25.0,100.0
SMA Crossover,ETCBTC,-99.9544840911509,-114.25030532015545,99.9544840911509,2.26537216828479,618,15.0,40.0,SMACrossover,,,,
RSI with BB,ETCBTC,-30.083964390971136,-7.153704326823974,40.18994383086958,38.35616438356164,147,,,RSIWithBB,14.0,20.0,,
MA Crossover,ETCBTC,-96.90111714154611,-68.1263924492275,96.90657001719481,4.642857142857143,281,,,MACrossover,,,25.0,100.0
SMA Crossover,ETHBTC,-99.92473664787357,-111.84524601353887,99.92513396572039,1.680672268907563,596,15.0,40.0,SMACrossover,,,,
RSI with BB,ETHBTC,-11.202473559964503,-2.4746243369891654,27.277189612975327,42.05607476635514,108,,,RSIWithBB,14.0,20.0,,
MA Crossover,ETHBTC,-96.18487448357546,-67.9097687417996,96.20069891067979,3.3707865168539324,268,,,MACrossover,,,25.0,100.0
SMA Crossover,FETBTC,-99.94848184533365,-90.31615714042192,99.94848184533362,4.809286898839138,603,15.0,40.0,SMACrossover,,,,
RSI with BB,FETBTC,-32.34649827415591,-4.369146179666537,49.35850655583695,42.5531914893617,330,,,RSIWithBB,14.0,20.0,,
MA Crossover,FETBTC,-97.51146598945824,-51.59381298560906,97.51146598945822,8.865248226950355,283,,,MACrossover,,,25.0,100.0
SMA Crossover,FILBTC,-99.93068200503386,-97.02855970384277,99.93068200503386,3.130434782608696,575,15.0,40.0,SMACrossover,,,,
RSI with BB,FILBTC,-36.002627307830004,-5.926805418060624,50.27680465093645,38.308457711442784,202,,,RSIWithBB,14.0,20.0,,
MA Crossover,FILBTC,-97.16897051465567,-57.37734232301907,97.16897051465564,8.303249097472925,277,,,MACrossover,,,25.0,100.0
SMA Crossover,FLOWBTC,-99.62908136933477,-87.95577521357546,99.62908136933477,3.211009174311927,436,15.0,40.0,SMACrossover,,,,
RSI with BB,FLOWBTC,-35.720550699843535,-7.840668270197341,46.85347136364981,36.91275167785235,150,,,RSIWithBB,14.0,20.0,,
MA Crossover,FLOWBTC,-95.98985966900031,-61.27480422660319,95.98985966900034,4.938271604938271,244,,,MACrossover,,,25.0,100.0
SMA Crossover,GLMRBTC,-92.22386637836333,-39.750943392603574,92.26866577554476,11.299435028248588,178,15.0,40.0,SMACrossover,,,,
RSI with BB,GLMRBTC,-12.993855021385938,-1.9917637852217902,30.463151344001982,46.36363636363636,111,,,RSIWithBB,14.0,20.0,,
MA Crossover,GLMRBTC,-87.00272313054816,-35.038588044965934,87.07760226677229,13.768115942028986,139,,,MACrossover,,,25.0,100.0
SMA Crossover,GRTBTC,-99.23882328822317,-64.39170084167934,99.24280826092851,7.871720116618077,344,15.0,40.0,SMACrossover,,,,
RSI with BB,GRTBTC,-15.080346973431318,-1.5704579981188778,38.298341879575055,42.77456647398844,174,,,RSIWithBB,14.0,20.0,,
MA Crossover,GRTBTC,-95.72855755653177,-48.121447132992905,95.72855755653175,8.636363636363637,221,,,MACrossover,,,25.0,100.0
SMA Crossover,HBARBTC,-99.99126207204803,-79.02555995174171,99.99126207204806,4.747774480712167,674,15.0,40.0,SMACrossover,,,,
RSI with BB,HBARBTC,-55.31487510219721,-5.132412721125845,64.93239956648318,41.64383561643836,366,,,RSIWithBB,14.0,20.0,,
MA Crossover,HBARBTC,-97.90407753112932,-36.18613232565291,97.9856855497853,7.849829351535837,293,,,MACrossover,,,25.0,100.0
SMA Crossover,HEIBTC,-97.56008972170969,-49.96226142464569,97.64920815874433,10.699588477366255,243,15.0,40.0,SMACrossover,,,,
RSI with BB,HEIBTC,-40.86167812529498,-5.376271243072381,57.085623984897516,42.857142857142854,393,,,RSIWithBB,14.0,20.0,,
MA Crossover,HEIBTC,-88.8227140852839,-32.25450005386153,88.82271408528393,11.194029850746269,135,,,MACrossover,,,25.0,100.0
SMA Crossover,ICPBTC,-99.96684384835748,-110.77537631260947,99.96684384835754,2.5974025974025974,616,15.0,40.0,SMACrossover,,,,
RSI with BB,ICPBTC,-22.455316252167563,-3.80110547858385,36.96260048324121,40.57142857142857,176,,,RSIWithBB,14.0,20.0,,
MA Crossover,ICPBTC,-97.68038127297979,-64.6418848246844,97.68038127297982,4.482758620689655,291,,,MACrossover,,,25.0,100.0
SMA Crossover,IMXBTC,-99.87881443801271,-87.18939285728088,99.87929161187937,7.208872458410351,541,15.0,40.0,SMACrossover,,,,
RSI with BB,IMXBTC,-28.447797478679977,-4.2303591013577675,43.107304735189885,42.06349206349206,253,,,RSIWithBB,14.0,20.0,,
MA Crossover,IMXBTC,-95.63913696331086,-48.2554415224705,95.63913696331083,8.695652173913043,253,,,MACrossover,,,25.0,100.0
SMA Crossover,INJBTC,-99.95344870419797,-91.1515870334186,99.95351986888133,7.872696817420436,597,15.0,40.0,SMACrossover,,,,
RSI with BB,INJBTC,-52.78171861828254,-9.278837761940485,58.45928207022057,39.88603988603989,352,,,RSIWithBB,14.0,20.0,,
MA Crossover,INJBTC,-96.61802713324187,-47.87471846370444,96.63302004652074,9.469696969696969,265,,,MACrossover,,,25.0,100.0
SMA Crossover,IOTABTC,-99.93829875730927,-86.79642926556022,99.93834623298767,5.486725663716814,565,15.0,40.0,SMACrossover,,,,
RSI with BB,IOTABTC,-46.87694777909166,-7.127256328290227,56.259141608753346,42.508710801393725,288,,,RSIWithBB,14.0,20.0,,
MA Crossover,IOTABTC,-97.72393419472344,-51.32067260448427,97.7254805961769,8.480565371024735,283,,,MACrossover,,,25.0,100.0
SMA Crossover,KAVABTC,-99.21385110164472,-57.95047387550612,99.22574396136088,11.286089238845145,381,15.0,40.0,SMACrossover,,,,
RSI with BB,KAVABTC,-56.706524250220994,-10.799070732911105,59.08620058573548,38.35616438356164,293,,,RSIWithBB,14.0,20.0,,
MA Crossover,KAVABTC,-93.46858731372404,-35.67616776833331,93.54438821676978,11.46788990825688,218,,,MACrossover,,,25.0,100.0
SMA Crossover,KDABTC,-99.96094610106255,-94.64238359267357,99.96094610106256,6.075533661740558,609,15.0,40.0,SMACrossover,,,,
RSI with BB,KDABTC,-52.26428545240927,-9.088823375840331,61.540332857418164,38.607594936708864,317,,,RSIWithBB,14.0,20.0,,
MA Crossover,KDABTC,-97.1837052699509,-51.42100661823401,97.18540844361804,8.239700374531834,267,,,MACrossover,,,25.0,100.0
SMA Crossover,LAYERBTC,-98.79824269925764,-41.13291877653768,99.15477890161671,12.316715542521994,341,15.0,40.0,SMACrossover,,,,
RSI with BB,LAYERBTC,-69.98962461197209,-10.081414380170095,77.3656437540998,42.52100840336134,596,,,RSIWithBB,14.0,20.0,,
MA Crossover,LAYERBTC,-85.75274723819588,-18.03248718323015,91.62938283660846,12.578616352201259,159,,,MACrossover,,,25.0,100.0
SMA Crossover,LINKBTC,-99.94044660648733,-101.05859605388324,99.94044660648733,2.901023890784983,586,15.0,40.0,SMACrossover,,,,
RSI with BB,LINKBTC,-23.716674489467778,-3.874549831372817,39.269988901321454,42.42424242424242,232,,,RSIWithBB,14.0,20.0,,
MA Crossover,LINKBTC,-98.01616561612184,-65.15276968474001,98.01955871940096,4.513888888888888,289,,,MACrossover,,,25.0,100.0
SMA Crossover,LTCBTC,-99.9056327863909,-81.59834922142893,99.9056327863909,7.7834179357022,591,15.0,40.0,SMACrossover,,,,
RSI with BB,LTCBTC,-58.35182502173417,-10.719915251594697,63.28070038369138,37.461300309597526,324,,,RSIWithBB,14.0,20.0,,
MA Crossover,LTCBTC,-95.78976089156015,-42.63962123679061,95.87427590187376,12.452830188679245,265,,,MACrossover,,,25.0,100.0
SMA Crossover,MANABTC,-99.8424811977464,-92.01374323890357,99.84248119774637,5.405405405405405,518,15.0,40.0,SMACrossover,,,,
RSI with BB,MANABTC,-36.738422172244526,-7.170548732843306,45.912059441043205,40.4040404040404,199,,,RSIWithBB,14.0,20.0,,
MA Crossover,MANABTC,-96.4287027453897,-57.361586052408036,96.42870274538964,6.538461538461539,261,,,MACrossover,,,25.0,100.0
SMA Crossover,MANTABTC,-99.94582661550557,-89.4467550889422,99.9461176062213,5.518394648829431,598,15.0,40.0,SMACrossover,,,,
RSI with BB,MANTABTC,-42.08372999198914,-6.3149117411287925,54.205183140954205,42.10526315789473,343,,,RSIWithBB,14.0,20.0,,
MA Crossover,MANTABTC,-96.37331075466606,-46.455522646171005,96.3733107546661,12.313432835820896,268,,,MACrossover,,,25.0,100.0
SMA Crossover,MKRBTC,-99.87002983841744,-76.1454414928203,99.87002983841738,8.16326530612245,588,15.0,40.0,SMACrossover,,,,
RSI with BB,MKRBTC,-73.87357963653774,-16.46207584250597,79.13493547536238,32.62839879154079,332,,,RSIWithBB,14.0,20.0,,
MA Crossover,MKRBTC,-93.14956537260802,-34.59804561756826,93.17760486905247,12.156862745098039,255,,,MACrossover,,,25.0,100.0
SMA Crossover,MOVEBTC,-99.81972263389663,-69.55987767524185,99.82065051558314,7.478632478632479,468,15.0,40.0,SMACrossover,,,,
RSI with BB,MOVEBTC,-33.338420134368995,-4.22788366050102,46.469570362337485,43.529411764705884,340,,,RSIWithBB,14.0,20.0,,
MA Crossover,MOVEBTC,-96.78813881205005,-41.748059532089805,96.80467015616905,10.87866108786611,239,,,MACrossover,,,25.0,100.0
SMA Crossover,NEARBTC,-99.92006430783847,-95.20516415707321,99.92006430783846,5.699481865284974,579,15.0,40.0,SMACrossover,,,,
RSI with BB,NEARBTC,-35.042079612691644,-5.974786939253879,49.691800247099074,40.92526690391459,282,,,RSIWithBB,14.0,20.0,,
MA Crossover,NEARBTC,-96.30963454884122,-53.40586418117672,96.30963454884125,8.394160583941606,274,,,MACrossover,,,25.0,100.0
SMA Crossover,NEOBTC,-99.93103556471475,-100.50589580331703,99.93208864030242,3.454231433506045,579,15.0,40.0,SMACrossover,,,,
RSI with BB,NEOBTC,-34.44532713714845,-6.495496310051212,44.13560614318431,39.130434782608695,208,,,RSIWithBB,14.0,20.0,,
MA Crossover,NEOBTC,-96.49618359662745,-57.969314423682796,96.59718506498032,6.130268199233716,261,,,MACrossover,,,25.0,100.0
SMA Crossover,NEXOBTC,-99.9936606042628,-115.98019161777677,99.99372778938042,1.9390581717451523,723,15.0,40.0,SMACrossover,,,,
RSI with BB,NEXOBTC,-36.685040811672216,-6.167217601839175,38.961270668902856,34.58646616541353,134,,,RSIWithBB,14.0,20.0,,
MA Crossover,NEXOBTC,-98.99098986952983,-66.56952608973832,99.00015574505267,3.91566265060241,333,,,MACrossover,,,25.0,100.0
SMA Crossover,NMRBTC,-99.2899150888063,-63.95782060102936,99.29398324863953,9.162303664921465,382,15.0,40.0,SMACrossover,,,,
RSI with BB,NMRBTC,-34.41299941579803,-5.418866177796514,47.53953090004045,42.27272727272727,221,,,RSIWithBB,14.0,20.0,,
MA Crossover,NMRBTC,-94.42046663139764,-42.34398116746885,94.42046663139764,12.556053811659194,223,,,MACrossover,,,25.0,100.0
SMA Crossover,OMBTC,-99.90622661316195,-64.78915943877833,99.90622661316195,6.065857885615252,577,15.0,40.0,SMACrossover,,,,
RSI with BB,OMBTC,-63.26597160324001,-10.186754403521046,66.05550044688266,40.758293838862556,423,,,RSIWithBB,14.0,20.0,,
MA Crossover,OMBTC,-97.6565497552157,-37.25136876482935,97.65654975521568,7.986111111111111,288,,,MACrossover,,,25.0,100.0
SMA Crossover,OMNIBTC,-99.94072933134372,-87.78801165806108,99.94154419954262,6.118881118881119,572,15.0,40.0,SMACrossover,,,,
RSI with BB,OMNIBTC,-38.60365534092446,-5.707341751765689,50.39479005243174,41.80602006688963,300,,,RSIWithBB,14.0,20.0,,
MA Crossover,OMNIBTC,-96.9540345498942,-48.27692488012196,96.96092598069082,10.344827586206897,262,,,MACrossover,,,25.0,100.0
SMA Crossover,ONEBTC,-99.99999870914887,-51.349144538237034,99.99999876632742,1.0638297872340425,282,15.0,40.0,SMACrossover,,,,
RSI with BB,ONEBTC,-97.21599951099644,-4.872286753079509,97.60727802748218,50.529500756429655,662,,,RSIWithBB,14.0,20.0,,
MA Crossover,ONEBTC,-99.99997574825981,-44.37347971356395,99.99997574825981,0.0,233,,,MACrossover,,,25.0,100.0
SMA Crossover,PAXGBTC,-99.93157927875473,-105.86737069869675,99.93157927875473,2.684563758389262,596,15.0,40.0,SMACrossover,,,,
RSI with BB,PAXGBTC,-36.21160049006633,-9.525814920442022,40.01377967844268,32.743362831858406,114,,,RSIWithBB,14.0,20.0,,
MA Crossover,PAXGBTC,-97.18685851622153,-63.20691509900396,97.18685851622153,5.351170568561873,299,,,MACrossover,,,25.0,100.0
SMA Crossover,PNUTBTC,-99.75265644204227,-42.892894505156505,99.76567113203748,13.015184381778742,461,15.0,40.0,SMACrossover,,,,
RSI with BB,PNUTBTC,-84.63234553030466,-12.557213242456612,88.91929339844852,40.313390313390315,703,,,RSIWithBB,14.0,20.0,,
MA Crossover,PNUTBTC,-93.66429722950136,-19.41765774694659,94.8933036897434,12.97071129707113,239,,,MACrossover,,,25.0,100.0
SMA Crossover,POLBTC,-99.9241845860608,-95.22865896578077,99.92418458606078,3.3989266547406083,559,15.0,40.0,SMACrossover,,,,
RSI with BB,POLBTC,-22.252227201005212,-3.1740992460301554,37.89366790368621,41.80790960451977,178,,,RSIWithBB,14.0,20.0,,
MA Crossover,POLBTC,-97.2152673069671,-57.00325655951185,97.21526730696714,5.39568345323741,278,,,MACrossover,,,25.0,100.0
SMA Crossover,QNTBTC,-99.91454753216894,-87.16013243581978,99.9157447646429,4.340277777777778,577,15.0,40.0,SMACrossover,,,,
RSI with BB,QNTBTC,-58.0112905937826,-11.534382527298183,65.8197063954257,36.12167300380228,264,,,RSIWithBB,14.0,20.0,,
MA Crossover,QNTBTC,-95.5048195162946,-44.82076810429998,95.64810046171756,8.835341365461847,250,,,MACrossover,,,25.0,100.0
SMA Crossover,RENDERBTC,-99.92994292708224,-93.3062115673193,99.92994292708224,3.8664323374340945,569,15.0,40.0,SMACrossover,,,,
RSI with BB,RENDERBTC,-48.48710110982006,-8.922911171251735,54.480852268933134,39.00709219858156,283,,,RSIWithBB,14.0,20.0,,
MA Crossover,RENDERBTC,-96.9811593801593,-53.42789899548104,96.9904973758901,9.090909090909092,265,,,MACrossover,,,25.0,100.0
SMA Crossover,ROSEBTC,-92.06133268447135,-27.074711158159545,92.06133268447132,12.844036697247708,110,15.0,40.0,SMACrossover,,,,
RSI with BB,ROSEBTC,-45.212114602696246,-8.77802075299314,50.27661574284591,40.816326530612244,99,,,RSIWithBB,14.0,20.0,,
MA Crossover,ROSEBTC,-87.71341227027202,-24.345192751697642,87.71341227027202,12.903225806451612,94,,,MACrossover,,,25.0,100.0
SMA Crossover,RUNEBTC,-99.76968636175798,-53.6675158281419,99.76971110560577,10.196779964221825,559,15.0,40.0,SMACrossover,,,,
RSI with BB,RUNEBTC,-62.244019085906245,-8.050282540003609,80.56477830362223,42.64943457189014,619,,,RSIWithBB,14.0,20.0,,
MA Crossover,RUNEBTC,-93.09638478119798,-25.45066437771004,93.3941068647428,14.285714285714285,245,,,MACrossover,,,25.0,100.0
SMA Crossover,RVNBTC,-99.99999999984638,-61.52340116350558,99.99999999984638,0.0,395,15.0,40.0,SMACrossover,,,,
RSI with BB,RVNBTC,-99.82901204244092,-7.444746966036283,99.83877609449144,49.4204425711275,950,,,RSIWithBB,14.0,20.0,,
MA Crossover,RVNBTC,-99.99999995504409,-48.07911361681748,99.99999995715444,0.0,308,,,MACrossover,,,25.0,100.0
SMA Crossover,SANDBTC,-99.94297361236167,-102.10455777290923,99.94297361236164,3.8917089678511,591,15.0,40.0,SMACrossover,,,,
RSI with BB,SANDBTC,-19.156930724194083,-2.8522842972238798,35.01049997416862,42.410714285714285,225,,,RSIWithBB,14.0,20.0,,
MA Crossover,SANDBTC,-96.4997211719849,-56.94958924476747,96.49972117198493,9.022556390977442,266,,,MACrossover,,,25.0,100.0
SMA Crossover,SBTC,-99.57023336349523,-56.29910122392135,99.57231823410724,13.250517598343686,483,15.0,40.0,SMACrossover,,,,
RSI with BB,SBTC,-60.49208737259678,-9.518259903732082,71.77180630528561,40.67796610169492,473,,,RSIWithBB,14.0,20.0,,
MA Crossover,SBTC,-94.41410228648364,-31.824605312850636,94.45156273823203,16.205533596837945,253,,,MACrossover,,,25.0,100.0
SMA Crossover,SEIBTC,-99.82429248187408,-76.10688998354739,99.82432179161285,7.969639468690702,527,15.0,40.0,SMACrossover,,,,
RSI with BB,SEIBTC,-49.85217066837166,-8.285821280079617,62.66687053689789,39.666666666666664,301,,,RSIWithBB,14.0,20.0,,
MA Crossover,SEIBTC,-95.97442975722701,-44.467477455232626,96.00451130238783,12.741312741312742,259,,,MACrossover,,,25.0,100.0
SMA Crossover,SNXBTC,-99.79981909217554,-79.94231892697529,99.80027290647196,7.157464212678937,490,15.0,40.0,SMACrossover,,,,
RSI with BB,SNXBTC,-41.160108764034185,-6.684278838096975,47.55880229209802,41.901408450704224,285,,,RSIWithBB,14.0,20.0,,
MA Crossover,SNXBTC,-95.35597896095302,-47.27981267195142,95.355978960953,10.300429184549357,234,,,MACrossover,,,25.0,100.0
SMA Crossover,SOLBTC,-99.93211804891529,-103.43835737641308,99.93242723566584,3.040540540540541,593,15.0,40.0,SMACrossover,,,,
RSI with BB,SOLBTC,-19.801280973545786,-3.542852390428701,28.791341303175116,42.99065420560748,215,,,RSIWithBB,14.0,20.0,,
MA Crossover,SOLBTC,-95.54195580440134,-56.125501502339475,95.61037258148241,5.511811023622047,255,,,MACrossover,,,25.0,100.0
SMA Crossover,STXBTC,-99.9335623507359,-98.31228543505736,99.93362468825492,4.545454545454546,594,15.0,40.0,SMACrossover,,,,
RSI with BB,STXBTC,-28.538974044446476,-5.021999115667024,40.77633322348222,42.3728813559322,237,,,RSIWithBB,14.0,20.0,,
MA Crossover,STXBTC,-96.8401511778207,-57.30830257529687,96.8401511778207,8.058608058608058,273,,,MACrossover,,,25.0,100.0
SMA Crossover,SUIBTC,-99.90075808618076,-81.1606572137658,99.90075808618076,8.347826086956523,575,15.0,40.0,SMACrossover,,,,
RSI with BB,SUIBTC,-59.939128706513614,-10.974381911636081,65.5652822366933,39.083557951482476,372,,,RSIWithBB,14.0,20.0,,
MA Crossover,SUIBTC,-95.94150928840848,-43.75114234652281,95.94876955801779,10.465116279069768,259,,,MACrossover,,,25.0,100.0
SMA Crossover,SUPERBTC,-99.568721829061,-67.08515676961244,99.57289007212357,10.311750599520384,417,15.0,40.0,SMACrossover,,,,
RSI with BB,SUPERBTC,-45.99591909915437,-7.700673232816275,56.758300097266435,41.42011834319527,339,,,RSIWithBB,14.0,20.0,,
MA Crossover,SUPERBTC,-96.39861365562453,-46.365843523147554,96.42746875045705,10.204081632653061,245,,,MACrossover,,,25.0,100.0
SMA Crossover,SUSHIBTC,-99.93897808369438,-94.17110530868656,99.93929319898291,5.084745762711865,590,15.0,40.0,SMACrossover,,,,
RSI with BB,SUSHIBTC,-40.41220176802767,-6.876132312982747,53.325014692109974,41.66666666666667,301,,,RSIWithBB,14.0,20.0,,
MA Crossover,SUSHIBTC,-95.7281309755276,-49.38987151571045,95.73267068756212,9.765625,257,,,MACrossover,,,25.0,100.0
SMA Crossover,TAOBTC,-99.83973175452559,-65.23405347216804,99.84166852386505,9.89010989010989,546,15.0,40.0,SMACrossover,,,,
RSI with BB,TAOBTC,-61.29411731875742,-9.159603803501346,72.8875035029056,41.088180112570356,533,,,RSIWithBB,14.0,20.0,,
MA Crossover,TAOBTC,-95.98475301926828,-36.38520062514584,96.05542465493343,13.178294573643413,258,,,MACrossover,,,25.0,100.0
SMA Crossover,THETABTC,-99.93202977595193,-97.37260553256122,99.9344418655377,5.344827586206897,580,15.0,40.0,SMACrossover,,,,
RSI with BB,THETABTC,-37.042148800361396,-6.634894046666257,44.93858854326322,41.44486692015209,264,,,RSIWithBB,14.0,20.0,,
MA Crossover,THETABTC,-96.81722872104115,-55.94196421321766,96.820940198598,8.239700374531834,268,,,MACrossover,,,25.0,100.0
SMA Crossover,TIABTC,-99.90814870301584,-75.16511930297641,99.90973322636847,8.596491228070176,570,15.0,40.0,SMACrossover,,,,
RSI with BB,TIABTC,-59.65052806976578,-9.525750868539047,67.44952001149645,39.62765957446808,376,,,RSIWithBB,14.0,20.0,,
MA Crossover,TIABTC,-95.22401715436769,-36.62669009984278,95.49691049566822,15.83011583011583,260,,,MACrossover,,,25.0,100.0
SMA Crossover,TONBTC,-99.93988808459997,-106.79499760871116,99.93995833699711,1.6863406408094435,593,15.0,40.0,SMACrossover,,,,
RSI with BB,TONBTC,-20.79901920805726,-3.708174809816342,36.39829886097436,38.732394366197184,143,,,RSIWithBB,14.0,20.0,,
MA Crossover,TONBTC,-97.18565982166393,-62.71114319679766,97.18565982166393,3.6764705882352944,272,,,MACrossover,,,25.0,100.0
SMA Crossover,TRXBTC,-99.9992334600422,-103.44013738105416,99.99923346004219,1.0588235294117647,851,15.0,40.0,SMACrossover,,,,
RSI with BB,TRXBTC,-43.12341728780583,-3.851714022110309,48.91248047606588,33.33333333333333,127,,,RSIWithBB,14.0,20.0,,
MA Crossover,TRXBTC,-99.12243122048339,-47.34766329060833,99.12735773764867,2.6785714285714284,337,,,MACrossover,,,25.0,100.0
SMA Crossover,UNIBTC,-99.92349218111421,-98.51638367239732,99.92392248380759,3.677758318739054,572,15.0,40.0,SMACrossover,,,,
RSI with BB,UNIBTC,-23.699279683684978,-3.6753542183090997,43.423868814528795,43.776824034334766,234,,,RSIWithBB,14.0,20.0,,
MA Crossover,UNIBTC,-97.01567925024922,-58.39741356227868,97.02239313270084,6.273062730627306,272,,,MACrossover,,,25.0,100.0
SMA Crossover,VETBTC,-99.99999999506632,-77.78731137486956,99.9999999951423,0.9873060648801129,709,15.0,40.0,SMACrossover,,,,
RSI with BB,VETBTC,-99.54538763971492,-14.789247219350479,99.62720265438126,48.84735202492212,1606,,,RSIWithBB,14.0,20.0,,
MA Crossover,VETBTC,-99.99996108230476,-49.872546578490265,99.99996108230476,1.1764705882352942,425,,,MACrossover,,,25.0,100.0
SMA Crossover,WBTCBTC,-99.96626438307406,-134.02325390038527,99.96626438307406,0.0,664,15.0,40.0,SMACrossover,,,,
RSI with BB,WBTCBTC,-0.019933971751825652,-0.040125877777946614,0.4702493726135373,,1,,,RSIWithBB,14.0,20.0,,
MA Crossover,WBTCBTC,-97.26057065955497,-89.01980509154852,97.26057065955497,0.0,299,,,MACrossover,,,25.0,100.0
SMA Crossover,WIFBTC,-99.96467370828815,-74.80388515633538,99.96511451086877,9.427609427609427,594,15.0,40.0,SMACrossover,,,,
RSI with BB,WIFBTC,-71.15605121353784,-11.166471592925323,75.35977632778243,40.68627450980392,613,,,RSIWithBB,14.0,20.0,,
MA Crossover,WIFBTC,-98.21924392378611,-42.079781401333584,98.24185622561797,12.7208480565371,283,,,MACrossover,,,25.0,100.0
SMA Crossover,WLDBTC,-99.93115572622239,-85.08878593056292,99.93115572622233,5.423728813559322,590,15.0,40.0,SMACrossover,,,,
RSI with BB,WLDBTC,-52.465876825225976,-8.967386711051686,59.31677295861625,39.385474860335194,359,,,RSIWithBB,14.0,20.0,,
MA Crossover,WLDBTC,-96.3940073547966,-45.464777490241765,96.39400735479668,9.848484848484848,264,,,MACrossover,,,25.0,100.0
SMA Crossover,XLMBTC,-99.95197562198783,-93.87678642588062,99.95197562198783,2.809917355371901,605,15.0,40.0,SMACrossover,,,,
RSI with BB,XLMBTC,-38.09631821947062,-5.766372766483453,44.03351803482515,40.758293838862556,212,,,RSIWithBB,14.0,20.0,,
MA Crossover,XLMBTC,-97.67506057110683,-54.86750385508618,97.6750605711068,4.0,276,,,MACrossover,,,25.0,100.0
SMA Crossover,XRPBTC,-99.93110080864054,-95.28239076747153,99.93110080864051,3.833333333333333,600,15.0,40.0,SMACrossover,,,,
RSI with BB,XRPBTC,-27.414898556632668,-4.387183442033491,42.456620145485026,41.702127659574465,236,,,RSIWithBB,14.0,20.0,,
MA Crossover,XRPBTC,-96.71700016712666,-54.64729917151385,96.7234551412377,5.535055350553505,272,,,MACrossover,,,25.0,100.0
SMA Crossover,XTZBTC,-99.92950874047784,-105.63829539630379,99.92950874047781,3.1523642732049035,571,15.0,40.0,SMACrossover,,,,
RSI with BB,XTZBTC,-27.98037854622426,-5.945701180823002,37.29451095684596,40.46242774566474,174,,,RSIWithBB,14.0,20.0,,
MA Crossover,XTZBTC,-96.64551642135513,-63.31682054493739,96.64551642135513,6.083650190114068,264,,,MACrossover,,,25.0,100.0
SMA Crossover,YFIBTC,-99.6689203863721,-87.40145860069048,99.67022995375466,4.068522483940043,467,15.0,40.0,SMACrossover,,,,
RSI with BB,YFIBTC,-36.36185246911646,-8.301058482600267,43.594643745245435,39.053254437869825,170,,,RSIWithBB,14.0,20.0,,
MA Crossover,YFIBTC,-94.57566677262037,-54.324119680677924,94.59207927860336,7.172995780590717,238,,,MACrossover,,,25.0,100.0
SMA Crossover,ZECBTC,-99.9383492210969,-88.01755724459571,99.93957270601808,6.228373702422145,579,15.0,40.0,SMACrossover,,,,
RSI with BB,ZECBTC,-54.64926904162238,-9.967473194584507,64.44535906646863,39.46587537091988,338,,,RSIWithBB,14.0,20.0,,
MA Crossover,ZECBTC,-95.79990823320763,-43.82332631824054,95.84425878657525,9.689922480620156,259,,,MACrossover,,,25.0,100.0
SMA Crossover,ZENBTC,-99.87565358333218,-64.45316044665599,99.87823941765765,9.363295880149813,535,15.0,40.0,SMACrossover,,,,
RSI with BB,ZENBTC,-62.46122438061354,-9.055742231627937,69.13103117476346,41.03671706263499,464,,,RSIWithBB,14.0,20.0,,
MA Crossover,ZENBTC,-96.34879061284718,-34.588448858151146,96.36238915805076,15.769230769230768,261,,,MACrossover,,,25.0,100.0
SMA Crossover,ZILBTC,-99.99999594658087,-50.86093012746654,99.99999613685902,0.4098360655737705,244,15.0,40.0,SMACrossover,,,,
RSI with BB,ZILBTC,-98.02684456552562,-6.359160131231913,98.24954762622534,49.25925925925926,541,,,RSIWithBB,14.0,20.0,,
MA Crossover,ZILBTC,-99.99992737664063,-43.53131003913113,99.99992737664063,0.0,206,,,MACrossover,,,25.0,100.0
SMA Crossover,ZROBTC,-99.94990132420418,-94.7362074142438,99.95012971730907,5.601317957166392,607,15.0,40.0,SMACrossover,,,,
RSI with BB,ZROBTC,-42.29267253692927,-6.928824508930743,58.03048517745268,40.694006309148264,318,,,RSIWithBB,14.0,20.0,,
MA Crossover,ZROBTC,-97.34407692742268,-54.6749857813928,97.3440769274227,7.971014492753622,277,,,MACrossover,,,25.0,100.0
SMA Crossover,ZRXBTC,-98.05166149904366,-57.678345667054145,98.07836244562489,8.0,301,15.0,40.0,SMACrossover,,,,
RSI with BB,ZRXBTC,-30.848821775114242,-5.359394038050952,42.365657585294706,40.60606060606061,166,,,RSIWithBB,14.0,20.0,,
MA Crossover,ZRXBTC,-92.3938173835307,-42.98940097194534,92.41102963372424,9.595959595959595,199,,,MACrossover,,,25.0,100.0
